{"cameraMode":{"drawMode":0,"name":"Shaded","section":"Shading Mode"},"sceneLighting":false,"audioPlay":false,"sceneViewState":{"showFog":true,"showMaterialUpdate":false,"showSkybox":false,"showFlares":true,"showImageEffects":true,"showParticleSystems":true},"in2DMode":false,"pivot":{"x":0.0,"y":-1.4901161193847657e-8,"z":0.1378711760044098},"rotation":{"x":0.08899111300706864,"y":-0.7101453542709351,"z":0.0912570208311081,"w":0.6924512982368469},"size":0.14559614658355714,"orthographic":true}