{"cameraMode":{"drawMode":0,"name":"Shaded","section":"Shading Mode"},"sceneLighting":false,"audioPlay":false,"sceneViewState":{"showFog":true,"showMaterialUpdate":false,"showSkybox":false,"showFlares":true,"showImageEffects":true,"showParticleSystems":true},"in2DMode":false,"pivot":{"x":83.31476593017578,"y":145.26181030273438,"z":-241.8797607421875},"rotation":{"x":0.0835239589214325,"y":-0.4352352023124695,"z":0.040594298392534259,"w":0.8955168128013611},"size":3.464101552963257,"orthographic":false}